TAXID,GENUSNAME,SPECIESNAME,STRAIN,DBNAME,FILEPATH,chromosome_count,avg_length_chromosomes,max_length_chromosomes,min_length_chromosomes,contig_count,avg_length_contig,max_length_contig,min_length_contig,mtDNA_count,avg_length_mtDNA,max_length_mtDNA,min_length_mtDNA,plasmid_count,avg_length_plasmids,max_length_plasmids,min_length_plasmids
37727,penicillium,marneffei,"",NCBI,"/u/home/a/akarlsbe/scratch/fungi/NCBI/GCF_000001985.1_JCVI-PMFA1-2.0_genomic.fna
",0,0,0,0,0,0,0,0,0,0,0,0,0,0,0,0
318829,magnaporthe,oryzae,"",NCBI,"/u/home/a/akarlsbe/scratch/fungi/NCBI/GCF_000002495.2_MG8_genomic.fna
",7,5856875,8423966,3458483,46,10706,225839,259,0,0,0,0,0,0,0,0
28985,kluyveromyces,lactis,"",NCBI,"/u/home/a/akarlsbe/scratch/fungi/NCBI/GCF_000002515.2_ASM251v1_genomic.fna
",6,1803795,2634725,1075873,0,0,0,0,1,0,0,0,0,0,0,0
4952,yarrowia,lipolytica,"",NCBI,"/u/home/a/akarlsbe/scratch/fungi/NCBI/GCF_000002525.2_ASM252v1_genomic.fna
",6,3459878,4276905,2332052,0,0,0,0,1,0,0,0,0,0,0,0
5478,[candida],glabrata,"",NCBI,"/u/home/a/akarlsbe/scratch/fungi/NCBI/GCF_000002545.3_ASM254v2_genomic.fna
",13,959402,1473886,497470,0,0,0,0,1,0,0,0,0,0,0,0
746128,aspergillus,fumigatus,"",NCBI,"/u/home/a/akarlsbe/scratch/fungi/NCBI/GCF_000002655.1_ASM265v1_genomic.fna
",8,3099303,4980467,1803222,0,0,0,0,1,3101725,3101725,3101725,0,0,0,0
5057,aspergillus,clavatus,"",NCBI,"/u/home/a/akarlsbe/scratch/fungi/NCBI/GCF_000002715.2_ASM271v1_genomic.fna
",0,0,0,0,143,197123,4545212,1015,0,0,0,0,0,0,0,0
5061,aspergillus,niger,"",NCBI,"/u/home/a/akarlsbe/scratch/fungi/NCBI/GCF_000002855.3_ASM285v2_genomic.fna
",0,0,0,0,18,1911129,3671412,97674,1,0,0,0,0,0,0,0
4896,schizosaccharomyces,pombe,"",NCBI,"/u/home/a/akarlsbe/scratch/fungi/NCBI/GCF_000002945.1_ASM294v2_genomic.fna
",3,4242990,5648873,2483545,0,0,0,0,1,0,0,0,0,0,0,0
28564,talaromyces,stipitatus,"",NCBI,"/u/home/a/akarlsbe/scratch/fungi/NCBI/GCF_000003125.1_JCVI-TSTA1-3.0_genomic.fna
",0,0,0,0,0,0,0,0,0,0,0,0,0,0,0,0
33188,uncinocarpus,reesii,"",NCBI,"/u/home/a/akarlsbe/scratch/fungi/NCBI/GCF_000003515.1_ASM351v2_genomic.fna
",0,0,0,0,44,513796,7990393,399,1,0,0,0,0,0,0,0
36911,clavispora,lusitaniae,"",NCBI,"/u/home/a/akarlsbe/scratch/fungi/NCBI/GCF_000003835.1_ASM383v1_genomic.fna
",0,0,0,0,9,1360794,2453866,753337,0,0,0,0,0,0,0,0
5039,ajellomyces,dermatitidis,"",NCBI,"/u/home/a/akarlsbe/scratch/fungi/NCBI/GCF_000003855.2_ASM385v2_genomic.fna
",0,0,0,0,100,762959,8277071,2125,3,5440,9045,7277,0,0,0,0
866546,schizosaccharomyces,cryophilus,"",NCBI,"/u/home/a/akarlsbe/scratch/fungi/NCBI/GCF_000004155.1_SCY4_genomic.fna
",0,0,0,0,30,389956,2912696,541,0,0,0,0,0,0,0,0
5059,aspergillus,flavus,"",NCBI,"/u/home/a/akarlsbe/scratch/fungi/NCBI/GCF_000006275.2_JCVI-afl1-v2.0_genomic.fna
",0,0,0,0,331,112849,4525070,214,0,0,0,0,0,0,0,0
5482,candida,tropicalis,"",NCBI,"/u/home/a/akarlsbe/scratch/fungi/NCBI/GCF_000006335.3_ASM633v3_genomic.fna
",0,0,0,0,23,641830,2505379,4958,1,0,0,0,0,0,0,0
4959,debaryomyces,hansenii,"",NCBI,"/u/home/a/akarlsbe/scratch/fungi/NCBI/GCF_000006445.2_ASM644v2_genomic.fna
",7,1757771,2334584,1265565,0,0,0,0,1,0,0,0,0,0,0,0
4956,zygosaccharomyces,rouxii,"",NCBI,"/u/home/a/akarlsbe/scratch/fungi/NCBI/GCF_000026365.1_ASM2636v1_genomic.fna
",7,1142569,1573717,892667,0,0,0,0,0,0,0,0,0,0,0,0
42374,candida,dubliniensis,"",NCBI,"/u/home/a/akarlsbe/scratch/fungi/NCBI/GCF_000026945.1_ASM2694v1_genomic.fna
",8,1720742,3254237,1087319,0,0,0,0,0,0,0,0,0,0,0,0
460519,komagataella,phaffii,"",NCBI,"/u/home/a/akarlsbe/scratch/fungi/NCBI/GCF_000027005.1_ASM2700v1_genomic.fna
",4,1882765,2833473,2273496,0,0,0,0,0,0,0,0,0,0,0,0
33169,eremothecium,gossypii,"",NCBI,"/u/home/a/akarlsbe/scratch/fungi/NCBI/GCF_000091025.4_ASM9102v4_genomic.fna
",7,1315635,1859652,702082,0,0,0,0,1,0,0,0,0,0,0,0
5207,cryptococcus,neoformans,"",NCBI,"/u/home/a/akarlsbe/scratch/fungi/NCBI/GCF_000091045.1_ASM9104v1_genomic.fna
",14,1322703,2329290,797849,0,0,0,0,0,0,0,0,0,0,0,0
6035,encephalitozoon,cuniculi,"",NCBI,"/u/home/a/akarlsbe/scratch/fungi/NCBI/GCF_000091225.1_ASM9122v1_genomic.fna
",11,205262,266082,196870,0,0,0,0,0,0,0,0,0,0,0,0
381046,lachancea,thermotolerans,"",NCBI,"/u/home/a/akarlsbe/scratch/fungi/NCBI/GCF_000142805.1_ASM14280v1_genomic.fna
",8,1135134,1741566,696315,0,0,0,0,0,0,0,0,0,0,0,0
226899,grosmannia,clavigera,"",NCBI,"/u/home/a/akarlsbe/scratch/fungi/NCBI/GCF_000143105.1_Sanger-454-IlluminaPA_2.0_genomic.fna
",0,0,0,0,289,104353,4492758,431,0,0,0,0,0,0,0,0
5334,schizophyllum,commune,"",NCBI,"/u/home/a/akarlsbe/scratch/fungi/NCBI/GCF_000143185.1_v1.0_genomic.fna
",0,0,0,0,36,1082281,7190902,1064,0,0,0,0,0,0,0,0
38033,chaetomium,globosum,"",NCBI,"/u/home/a/akarlsbe/scratch/fungi/NCBI/GCF_000143365.1_ASM14336v1_genomic.fna
",0,0,0,0,21,1652616,6695419,1278,16,22257,142360,4402,0,0,0,0
40559,botrytis,cinerea,"",NCBI,"/u/home/a/akarlsbe/scratch/fungi/NCBI/GCF_000143535.2_ASM14353v4_genomic.fna
",18,2386198,4160741,250248,0,0,0,0,0,0,0,0,0,0,0,0
29883,laccaria,bicolor,"",NCBI,"/u/home/a/akarlsbe/scratch/fungi/NCBI/GCF_000143565.1_V1.0_genomic.fna
",0,0,0,0,664,88641,2797545,1028,0,0,0,0,0,0,0,0
36779,gaeumannomyces,tritici,"",NCBI,"/u/home/a/akarlsbe/scratch/fungi/NCBI/GCF_000145635.1_Gae_graminis_V2_genomic.fna
",0,0,0,0,513,86088,8115982,509,4,37011,106701,8823,0,0,0,0
4932,saccharomyces,cerevisiae,"",NCBI,"/u/home/a/akarlsbe/scratch/fungi/NCBI/GCF_000146045.2_R64_genomic.fna
",16,763889,1551083,233096,0,0,0,0,1,0,0,0,0,0,0,0
58839,encephalitozoon,intestinalis,"",NCBI,"/u/home/a/akarlsbe/scratch/fungi/NCBI/GCF_000146465.1_ASM14646v1_genomic.fna
",11,182310,237827,162337,0,0,0,0,0,0,0,0,0,0,0,0
13684,parastagonospora,nodorum,"",NCBI,"/u/home/a/akarlsbe/scratch/fungi/NCBI/GCF_000146915.1_ASM14691v2_genomic.fna
",0,0,0,0,107,351671,2563599,2031,1,0,0,0,0,0,0,0
5180,sclerotinia,sclerotiorum,"",NCBI,"/u/home/a/akarlsbe/scratch/fungi/NCBI/GCF_000146945.2_ASM14694v2_genomic.fna
",0,0,0,0,36,1078040,2811787,16042,1,0,0,0,0,0,0,0
31870,colletotrichum,graminicola,"",NCBI,"/u/home/a/akarlsbe/scratch/fungi/NCBI/GCF_000149035.1_C_graminicola_M1_001_V1_genomic.fna
",0,0,0,0,653,80015,1846843,2025,1,0,0,0,0,0,0,0
162425,aspergillus,nidulans,"",NCBI,"/u/home/a/akarlsbe/scratch/fungi/NCBI/GCF_000149205.2_ASM14920v2_genomic.fna
",0,0,0,0,90,340231,4360080,2288,1,0,0,0,0,0,0,0
5207,cryptococcus,neoformans,"",NCBI,"/u/home/a/akarlsbe/scratch/fungi/NCBI/GCF_000149245.1_CNA3_genomic.fna
",14,1366238,2320143,766204,0,0,0,0,1,0,0,0,0,0,0,0
5501,coccidioides,immitis,"",NCBI,"/u/home/a/akarlsbe/scratch/fungi/NCBI/GCF_000149335.2_ASM14933v2_genomic.fna
",0,0,0,0,6,4884963,8588353,3502093,1,0,0,0,0,0,0,0
5207,cryptococcus,neoformans,"",NCBI,"/u/home/a/akarlsbe/scratch/fungi/NCBI/GCF_000149385.1_ASM14938v1_genomic.fna
",14,1369222,2325787,816777,0,0,0,0,0,0,0,0,0,0,0,0
4929,meyerozyma,guilliermondii,"",NCBI,"/u/home/a/akarlsbe/scratch/fungi/NCBI/GCF_000149425.1_ASM14942v1_genomic.fna
",0,0,0,0,9,1190932,2119112,442759,0,0,0,0,0,0,0,0
117187,fusarium,verticillioides,"",NCBI,"/u/home/a/akarlsbe/scratch/fungi/NCBI/GCF_000149555.1_ASM14955v1_genomic.fna
",17,2471860,6296956,22137,4,72984,171797,23046,1,0,0,0,0,0,0,0
5037,histoplasma,capsulatum,"",NCBI,"/u/home/a/akarlsbe/scratch/fungi/NCBI/GCF_000149585.1_ASM14958v1_genomic.fna
",0,0,0,0,275,121458,7435067,628,5,4786,14742,1045,0,0,0,0
33178,aspergillus,terreus,"",NCBI,"/u/home/a/akarlsbe/scratch/fungi/NCBI/GCF_000149615.1_ASM14961v1_genomic.fna
",0,0,0,0,26,1142224,2786222,12247,1,0,0,0,0,0,0,0
36630,aspergillus,fischeri,"",NCBI,"/u/home/a/akarlsbe/scratch/fungi/NCBI/GCF_000149645.1_ASM14964v1_genomic.fna
",0,0,0,0,438,73438,6366171,1019,0,0,0,0,0,0,0,0
36914,lodderomyces,elongisporus,"",NCBI,"/u/home/a/akarlsbe/scratch/fungi/NCBI/GCF_000149685.1_ASM14968v1_genomic.fna
",0,0,0,0,27,581688,3593584,4624,1,0,0,0,0,0,0,0
4897,schizosaccharomyces,japonicus,"",NCBI,"/u/home/a/akarlsbe/scratch/fungi/NCBI/GCF_000149845.2_SJ5_genomic.fna
",0,0,0,0,32,371169,4345339,2348,0,0,0,0,0,0,0,0
5297,puccinia,graminis,"",NCBI,"/u/home/a/akarlsbe/scratch/fungi/NCBI/GCF_000149925.1_ASM14992v1_genomic.fna
",0,0,0,0,392,228961,3119916,2914,1,0,0,0,0,0,0,0
5507,fusarium,oxysporum,"",NCBI,"/u/home/a/akarlsbe/scratch/fungi/NCBI/GCF_000149955.1_ASM14995v2_genomic.fna
",15,3909091,6940668,1773393,70,40870,506518,912,0,0,0,0,0,0,0,0
45151,pyrenophora,tritici-repentis,"",NCBI,"/u/home/a/akarlsbe/scratch/fungi/NCBI/GCF_000149985.1_ASM14998v1_genomic.fna
",0,0,0,0,0,0,0,0,1,0,0,0,0,0,0,0
36033,vanderwaltozyma,polyspora,"",NCBI,"/u/home/a/akarlsbe/scratch/fungi/NCBI/GCF_000150035.1_ASM15003v1_genomic.fna
",0,0,0,0,281,51084,312216,2095,0,0,0,0,0,0,0,0
4899,schizosaccharomyces,octosporus,"",NCBI,"/u/home/a/akarlsbe/scratch/fungi/NCBI/GCF_000150505.1_SO6_genomic.fna
",0,0,0,0,5,2355451,4680510,39813,0,0,0,0,0,0,0,0
27337,verticillium,dahliae,"",NCBI,"/u/home/a/akarlsbe/scratch/fungi/NCBI/GCF_000150675.1_ASM15067v2_genomic.fna
",0,0,0,0,52,658679,2701348,3892,3,9950,20018,9834,0,0,0,0
1048829,paracoccidioides,lutzii,"",NCBI,"/u/home/a/akarlsbe/scratch/fungi/NCBI/GCF_000150705.2_Paracocci_br_Pb01_V2_genomic.fna
",0,0,0,0,110,303017,2248838,5049,0,0,0,0,0,0,0,0
121759,paracoccidioides,brasiliensis,"",NCBI,"/u/home/a/akarlsbe/scratch/fungi/NCBI/GCF_000150735.1_Paracocci_br_Pb18_V2_genomic.fna
",0,0,0,0,57,532011,3980759,2762,0,0,0,0,0,0,0,0
1051613,verticillium,alfalfae,"",NCBI,"/u/home/a/akarlsbe/scratch/fungi/NCBI/GCF_000150825.1_ASM15082v1_genomic.fna
",0,0,0,0,26,1278612,4842458,5512,1,0,0,0,0,0,0,0
63402,nannizzia,gypsea,"",NCBI,"/u/home/a/akarlsbe/scratch/fungi/NCBI/GCF_000150975.2_MS_CBS118893_genomic.fna
",0,0,0,0,18,1307779,5432684,2891,1,0,0,0,0,0,0,0
63400,trichophyton,benhamiae,"",NCBI,"/u/home/a/akarlsbe/scratch/fungi/NCBI/GCF_000151125.1_ASM15112v2_genomic.fna
",21,405365,1388675,4077,47,252220,1937250,3818,0,0,0,0,0,0,0,0
63405,arthroderma,otae,"",NCBI,"/u/home/a/akarlsbe/scratch/fungi/NCBI/GCF_000151145.1_ASM15114v1_genomic.fna
",0,0,0,0,16,1470760,3878214,7114,1,0,0,0,0,0,0,0
199306,coccidioides,posadasii,"",NCBI,"/u/home/a/akarlsbe/scratch/fungi/NCBI/GCF_000151335.2_JCVI-cpa1-1.0_genomic.fna
",0,0,0,0,55,471502,5465788,2028,0,0,0,0,0,0,0,0
140110,nectria,haematococca,"",NCBI,"/u/home/a/akarlsbe/scratch/fungi/NCBI/GCF_000151355.1_v2.0_genomic.fna
",0,0,0,0,209,248343,4998774,876,0,0,0,0,0,0,0,0
5551,trichophyton,rubrum,"",NCBI,"/u/home/a/akarlsbe/scratch/fungi/NCBI/GCF_000151425.1_ASM15142v1_genomic.fna
",0,0,0,0,35,650960,4138249,2955,1,0,0,0,0,0,0,0
63417,trichophyton,verrucosum,"",NCBI,"/u/home/a/akarlsbe/scratch/fungi/NCBI/GCF_000151505.1_ASM15150v1_genomic.fna
",0,0,0,0,510,44633,269170,3547,0,0,0,0,0,0,0,0
39416,tuber,melanosporum,"",NCBI,"/u/home/a/akarlsbe/scratch/fungi/NCBI/GCF_000151645.1_ASM15164v1_genomic.fna
",0,0,0,0,398,317029,2819852,3310,0,0,0,0,0,0,0,0
51453,trichoderma,reesei,"",NCBI,"/u/home/a/akarlsbe/scratch/fungi/NCBI/GCF_000167675.1_v2.0_genomic.fna
",0,0,0,0,77,439104,3803952,3512,0,0,0,0,0,0,0,0
29875,trichoderma,virens,"",NCBI,"/u/home/a/akarlsbe/scratch/fungi/NCBI/GCF_000170995.1_TRIVI_v2.0_genomic.fna
",0,0,0,0,93,398606,3500018,4463,0,0,0,0,0,0,0,0
63577,trichoderma,atroviride,"",NCBI,"/u/home/a/akarlsbe/scratch/fungi/NCBI/GCF_000171015.1_TRIAT_v2.0_genomic.fna
",0,0,0,0,29,1261748,5692048,3202,0,0,0,0,0,0,0,0
76773,malassezia,globosa,"",NCBI,"/u/home/a/akarlsbe/scratch/fungi/NCBI/GCF_000181695.1_ASM18169v1_genomic.fna
",0,0,0,0,0,0,0,0,0,0,0,0,0,0,0,0
109760,spizellomyces,punctatus,"",NCBI,"/u/home/a/akarlsbe/scratch/fungi/NCBI/GCF_000182565.1_S_punctatus_V1_genomic.fna
",38,642859,2270480,5341,0,0,0,0,0,0,0,0,0,0,0,0
5147,sordaria,macrospora,"",NCBI,"/u/home/a/akarlsbe/scratch/fungi/NCBI/GCF_000182805.2_ASM18280v2_genomic.fna
",0,0,0,0,1583,22472,2274253,102,0,0,0,0,0,0,0,0
5346,coprinopsis,cinerea,"",NCBI,"/u/home/a/akarlsbe/scratch/fungi/NCBI/GCF_000182895.1_CC3_genomic.fna
",67,546299,4198824,2236,0,0,0,0,1,0,0,0,0,0,0,0
5141,neurospora,crassa,"",NCBI,"/u/home/a/akarlsbe/scratch/fungi/NCBI/GCF_000182925.2_NC12_genomic.fna
",0,0,0,0,13,44742,194712,1667,1,0,0,0,0,0,0,0
5476,candida,albicans,"",NCBI,"/u/home/a/akarlsbe/scratch/fungi/NCBI/GCF_000182965.3_ASM18296v3_genomic.fna
",8,1082524,2195991,459513,0,0,0,0,3,1161982,1800188,653635,0,0,0,0
5062,aspergillus,oryzae,"",NCBI,"/u/home/a/akarlsbe/scratch/fungi/NCBI/GCF_000184455.2_ASM18445v3_genomic.fna
",8,4794564,6601770,2970150,0,0,0,0,1,0,0,0,0,0,0,0
37769,cryptococcus,gattii,"",NCBI,"/u/home/a/akarlsbe/scratch/fungi/NCBI/GCF_000185945.1_ASM18594v1_genomic.fna
",14,1279782,2261539,529262,0,0,0,0,0,0,0,0,0,0,0,0
1005962,ogataea,parapolymorpha,"",NCBI,"/u/home/a/akarlsbe/scratch/fungi/NCBI/GCF_000187245.1_Hansenula_2_genomic.fna
",7,1064430,1533870,967714,0,0,0,0,0,0,0,0,0,0,0,0
92637,metarhizium,acridum,"",NCBI,"/u/home/a/akarlsbe/scratch/fungi/NCBI/GCF_000187405.1_MetAcr_May2010_genomic.fna
",0,0,0,0,241,165619,1859677,1027,0,0,0,0,0,0,0,0
568076,metarhizium,robertsii,"",NCBI,"/u/home/a/akarlsbe/scratch/fungi/NCBI/GCF_000187425.2_MAA_2.0_genomic.fna
",0,0,0,0,0,0,0,0,0,0,0,0,0,0,0,0
103449,vavraia,culicis,"",NCBI,"/u/home/a/akarlsbe/scratch/fungi/NCBI/GCF_000192795.1_Vavr_culi_floridensis_V1_genomic.fna
",0,0,0,0,379,16345,246126,512,0,0,0,0,0,0,0,0
109871,batrachochytrium,dendrobatidis,"",NCBI,"/u/home/a/akarlsbe/scratch/fungi/NCBI/GCF_000203795.1_v1.0_genomic.fna
",0,0,0,0,127,193838,4484636,3754,0,0,0,0,0,0,0,0
203908,melampsora,larici-populina,"",NCBI,"/u/home/a/akarlsbe/scratch/fungi/NCBI/GCF_000204055.1_v1.0_genomic.fna
",0,0,0,0,462,221628,4121917,1152,0,0,0,0,0,0,0,0
4924,scheffersomyces,stipitis,"",NCBI,"/u/home/a/akarlsbe/scratch/fungi/NCBI/GCF_000209165.1_ASM20916v1_genomic.fna
",8,1830322,3554126,1128346,0,0,0,0,0,0,0,0,0,0,0,0
40127,neurospora,tetrasperma,"",NCBI,"/u/home/a/akarlsbe/scratch/fungi/NCBI/GCF_000213175.1_v2.0_genomic.fna
",0,0,0,0,81,365389,6246736,2114,0,0,0,0,0,0,0,0
85982,serpula,lacrymans,"",NCBI,"/u/home/a/akarlsbe/scratch/fungi/NCBI/GCF_000218685.1_v1.0_genomic.fna
",0,0,0,0,46,941967,5804972,2996,0,0,0,0,0,0,0,0
1047171,zymoseptoria,tritici,"",NCBI,"/u/home/a/akarlsbe/scratch/fungi/NCBI/GCF_000219625.1_MYCGR_v2.0_genomic.fna
",21,1893714,6164907,478007,0,0,0,0,0,0,0,0,0,0,0,0
209285,chaetomium,thermophilum,"",NCBI,"/u/home/a/akarlsbe/scratch/fungi/NCBI/GCF_000221225.1_CTHT_3.0_genomic.fna
",0,0,0,0,21,1365487,6995875,1026,0,0,0,0,0,0,0,0
2315449,candida,tenuis,"",NCBI,"/u/home/a/akarlsbe/scratch/fungi/NCBI/GCF_000223465.1_Candida_tenuis_v1.0_genomic.fna
",0,0,0,0,25,435157,2566172,2472,0,0,0,0,0,0,0,0
340170,spathaspora,passalidarum,"",NCBI,"/u/home/a/akarlsbe/scratch/fungi/NCBI/GCF_000223485.1_Spathaspora_passalidarum_v2.0_genomic.fna
",0,0,0,0,8,1560556,2673573,869648,0,0,0,0,0,0,0,0
13349,arthrobotrys,oligospora,"",NCBI,"/u/home/a/akarlsbe/scratch/fungi/NCBI/GCF_000225545.1_AOL24927_1.0_genomic.fna
",0,0,0,0,215,173673,3364642,2034,0,0,0,0,0,0,0,0
73501,cordyceps,militaris,"",NCBI,"/u/home/a/akarlsbe/scratch/fungi/NCBI/GCF_000225605.1_CmilitarisCM01_v01_genomic.fna
",0,0,0,0,32,1020966,6341534,1033,0,0,0,0,0,0,0,0
78579,thermothelomyces,thermophila,"",NCBI,"/u/home/a/akarlsbe/scratch/fungi/NCBI/GCF_000226095.1_ASM22609v1_genomic.fna
",7,5008672,11067697,4179273,0,0,0,0,0,0,0,0,0,0,0,0
35720,thielavia,terrestris,"",NCBI,"/u/home/a/akarlsbe/scratch/fungi/NCBI/GCF_000226115.1_ASM22611v1_genomic.fna
",6,5626423,10227778,4451843,0,0,0,0,0,0,0,0,0,0,0,0
5076,penicillium,chrysogenum,"",NCBI,"/u/home/a/akarlsbe/scratch/fungi/NCBI/GCF_000226395.1_PenChr_Nov2007_genomic.fna
",0,0,0,0,49,665191,6467665,1045,0,0,0,0,0,0,0,0
5145,podospora,anserina,"",NCBI,"/u/home/a/akarlsbe/scratch/fungi/NCBI/GCF_000226545.1_ASM22654v1_genomic.fna
",0,0,0,0,33,959721,4715756,43843,0,0,0,0,0,0,0,0
27289,naumovozyma,dairenensis,"",NCBI,"/u/home/a/akarlsbe/scratch/fungi/NCBI/GCF_000227115.2_ASM22711v2_genomic.fna
",11,1181076,2080318,792136,0,0,0,0,0,0,0,0,0,0,0,0
5022,leptosphaeria,maculans,"",NCBI,"/u/home/a/akarlsbe/scratch/fungi/NCBI/GCF_000230375.1_ASM23037v1_genomic.fna
",0,0,0,0,76,544433,3420843,498,0,0,0,0,0,0,0,0
5970,exophiala,dermatitidis,"",NCBI,"/u/home/a/akarlsbe/scratch/fungi/NCBI/GCF_000230625.1_Exop_derm_V1_genomic.fna
",0,0,0,0,10,2668015,4298314,6709,1,0,0,0,0,0,0,0
42399,vittaforma,corneae,"",NCBI,"/u/home/a/akarlsbe/scratch/fungi/NCBI/GCF_000231115.1_Vitt_corn_V1_genomic.fna
",0,0,0,0,220,14787,372699,509,0,0,0,0,0,0,0,0
45285,eremothecium,cymbalariae,"",NCBI,"/u/home/a/akarlsbe/scratch/fungi/NCBI/GCF_000235365.1_ASM23536v1_genomic.fna
",8,1110202,1621946,971269,0,0,0,0,0,0,0,0,0,0,0,0
113608,tetrapisispora,phaffii,"",NCBI,"/u/home/a/akarlsbe/scratch/fungi/NCBI/GCF_000236905.1_ASM23690v1_genomic.fna
",16,765715,1395158,399455,1,0,0,0,0,0,0,0,0,0,0,0
27288,naumovozyma,castellii,"",NCBI,"/u/home/a/akarlsbe/scratch/fungi/NCBI/GCF_000237345.1_ASM23734v1_genomic.fna
",10,1088545,3057610,610786,0,0,0,0,0,0,0,0,0,0,0,0
5518,fusarium,graminearum,"",NCBI,"/u/home/a/akarlsbe/scratch/fungi/NCBI/GCF_000240135.3_ASM24013v3_genomic.fna
",4,9203364,11843512,7809544,15,5634,12743,2106,0,0,0,0,0,0,0,0
4950,torulaspora,delbrueckii,"",NCBI,"/u/home/a/akarlsbe/scratch/fungi/NCBI/GCF_000243375.1_ASM24337v1_genomic.fna
",8,1061442,1435747,958396,0,0,0,0,0,0,0,0,0,0,0,0
586133,nematocida,parisii,"",NCBI,"/u/home/a/akarlsbe/scratch/fungi/NCBI/GCF_000250985.1_Nema_parisii_ERTm1_V3_genomic.fna
",0,0,0,0,65,63411,966499,516,0,0,0,0,0,0,0,0
1708541,wallemia,mellicola,"",NCBI,"/u/home/a/akarlsbe/scratch/fungi/NCBI/GCF_000263375.1_Wallemia_sebi_v1.0_genomic.fna
",0,0,0,0,56,177432,912010,2649,0,0,0,0,0,0,0,0
40492,stereum,hirsutum,"",NCBI,"/u/home/a/akarlsbe/scratch/fungi/NCBI/GCF_000264905.1_Stehi1_genomic.fna
",0,0,0,0,159,296170,3874993,2036,0,0,0,0,0,0,0,0
202698,punctularia,strigosozonata,"",NCBI,"/u/home/a/akarlsbe/scratch/fungi/NCBI/GCF_000264995.1_Punctularia_strigosozonata_v1.0_genomic.fna
",0,0,0,0,195,177421,4734130,2054,0,0,0,0,0,0,0,0
5325,trametes,versicolor,"",NCBI,"/u/home/a/akarlsbe/scratch/fungi/NCBI/GCF_000271585.1_Trametes_versicolor_v1.0_genomic.fna
",0,0,0,0,283,160254,5198013,2040,0,0,0,0,0,0,0,0
208960,fomitiporia,mediterranea,"",NCBI,"/u/home/a/akarlsbe/scratch/fungi/NCBI/GCF_000271605.1_Fomme1_genomic.fna
",0,0,0,0,1412,45428,9718248,2027,0,0,0,0,0,0,0,0
80637,coniophora,puteana,"",NCBI,"/u/home/a/akarlsbe/scratch/fungi/NCBI/GCF_000271625.1_Conpu1_genomic.fna
",0,0,0,0,210,207160,4599072,2042,0,0,0,0,0,0,0,0
5217,tremella,mesenterica,"",NCBI,"/u/home/a/akarlsbe/scratch/fungi/NCBI/GCF_000271645.1_Treme1_genomic.fna
",0,0,0,0,45,644217,6087550,1842,0,0,0,0,0,0,0,0
114155,dichomitus,squalens,"",NCBI,"/u/home/a/akarlsbe/scratch/fungi/NCBI/GCF_000275845.1_Dichomitus_squalens_v1.0_genomic.fna
",0,0,0,0,542,79854,3453591,2028,0,0,0,0,0,0,0,0
27973,encephalitozoon,hellem,"",NCBI,"/u/home/a/akarlsbe/scratch/fungi/NCBI/GCF_000277815.2_ASM27781v3_genomic.fna
",12,169945,243876,67459,0,0,0,0,0,0,0,0,0,0,0,0
571949,encephalitozoon,romaleae,"",NCBI,"/u/home/a/akarlsbe/scratch/fungi/NCBI/GCF_000280035.1_ASM28003v2_genomic.fna
",13,152345,232999,66251,0,0,0,0,0,0,0,0,0,0,0,0
176275,beauveria,bassiana,"",NCBI,"/u/home/a/akarlsbe/scratch/fungi/NCBI/GCF_000280675.1_ASM28067v1_genomic.fna
",0,0,0,0,235,145171,2110485,1017,2,1304,2608,2608,0,0,0,0
61459,coniosporium,apollinis,"",NCBI,"/u/home/a/akarlsbe/scratch/fungi/NCBI/GCF_000281105.1_Coni_apol_CBS100218_V1_genomic.fna
",169,171610,1092028,1433,0,0,0,0,0,0,0,0,0,0,0,0
82508,trichosporon,asahii,"",NCBI,"/u/home/a/akarlsbe/scratch/fungi/NCBI/GCF_000293215.1_Trichosporon_asahii_1_genomic.fna
",0,0,0,0,77,322261,3261245,2066,1,0,0,0,0,0,0,0
698440,marssonina,brunnea,"",NCBI,"/u/home/a/akarlsbe/scratch/fungi/NCBI/GCF_000298775.1_ASM29877v1_genomic.fna
",0,0,0,0,89,590991,5250222,1024,0,0,0,0,0,0,0,0
5341,agaricus,bisporus,"",NCBI,"/u/home/a/akarlsbe/scratch/fungi/NCBI/GCF_000300555.1_Agabi_varbur_1_genomic.fna
",0,0,0,0,2016,16380,3010726,507,0,0,0,0,0,0,0,0
5341,agaricus,bisporus,"",NCBI,"/u/home/a/akarlsbe/scratch/fungi/NCBI/GCF_000300575.1_Agabi_varbisH97_2_genomic.fna
",0,0,0,0,29,1055485,3385493,3471,0,0,0,0,0,0,0,0
231932,phanerochaete,carnosa,"",NCBI,"/u/home/a/akarlsbe/scratch/fungi/NCBI/GCF_000300595.1_Phanerochaete_carnosa_HHB-10118-Sp_v1.0_genomic.fna
",0,0,0,0,1137,41222,5938660,2027,0,0,0,0,0,0,0,0
101028,fusarium,pseudograminearum,"",NCBI,"/u/home/a/akarlsbe/scratch/fungi/NCBI/GCF_000303195.2_FP7_genomic.fna
",4,9196094,11834933,7821152,275,1963,23141,509,2,25517,51035,51035,0,0,0,0
432096,kazachstania,africana,"",NCBI,"/u/home/a/akarlsbe/scratch/fungi/NCBI/GCF_000304475.1_Ka_CBS2517_genomic.fna
",12,903544,1779367,554533,0,0,0,0,0,0,0,0,0,0,0,0
1041607,wickerhamomyces,ciferrii,"",NCBI,"/u/home/a/akarlsbe/scratch/fungi/NCBI/GCF_000313485.1_ASM31348v1_genomic.fna
",0,0,0,0,364,43300,344326,514,0,0,0,0,0,0,0,0
599839,fibroporia,radiculosa,"",NCBI,"/u/home/a/akarlsbe/scratch/fungi/NCBI/GCF_000313525.1_ASM31352v1_genomic.fna
",0,0,0,0,861,33367,351300,3039,0,0,0,0,0,0,0,0
36651,penicillium,digitatum,"",NCBI,"/u/home/a/akarlsbe/scratch/fungi/NCBI/GCF_000315645.1_PdigPd1_v1_genomic.fna
",0,0,0,0,53,494872,5779822,2064,0,0,0,0,0,0,0,0
273371,candida,orthopsilosis,"",NCBI,"/u/home/a/akarlsbe/scratch/fungi/NCBI/GCF_000315875.1_ASM31587v1_genomic.fna
",8,1524614,2973576,949029,0,0,0,0,0,0,0,0,0,0,0,0
1071379,tetrapisispora,blattae,"",NCBI,"/u/home/a/akarlsbe/scratch/fungi/NCBI/GCF_000315915.1_ASM31591v1_genomic.fna
",10,1372511,2731049,868643,0,0,0,0,0,0,0,0,0,0,0,0
85929,sphaerulina,musiva,"",NCBI,"/u/home/a/akarlsbe/scratch/fungi/NCBI/GCF_000320565.1_Septoria_musiva_SO2202_v1.0_genomic.fna
",0,0,0,0,72,412736,5176652,2049,0,0,0,0,0,0,0,0
984962,heterobasidion,irregulare,"",NCBI,"/u/home/a/akarlsbe/scratch/fungi/NCBI/GCF_000320585.1_Heterobasidion_irregulare_v2.0_genomic.fna
",0,0,0,0,15,2270827,3636857,1282734,0,0,0,0,0,0,0,0
5286,rhodotorula,toruloides,"",NCBI,"/u/home/a/akarlsbe/scratch/fungi/NCBI/GCF_000320785.1_RHOziaDV1.0_genomic.fna
",0,0,0,0,94,217826,1554045,1085,0,0,0,0,0,0,0,0
5270,ustilago,maydis,"",NCBI,"/u/home/a/akarlsbe/scratch/fungi/NCBI/GCF_000328475.2_Umaydis521_2.0_genomic.fna
",23,864758,2507458,349239,4,4236,9297,2239,0,0,0,0,0,0,0,0
1709381,baudoinia,panamericana,"",NCBI,"/u/home/a/akarlsbe/scratch/fungi/NCBI/GCF_000338955.1_Bauco1_genomic.fna
",0,0,0,0,19,1165630,2052402,6898,0,0,0,0,0,0,0,0
45130,bipolaris,sorokiniana,"",NCBI,"/u/home/a/akarlsbe/scratch/fungi/NCBI/GCF_000338995.1_Cocsa1_genomic.fna
",0,0,0,0,154,226216,3688025,2040,0,0,0,0,0,0,0,0
1873960,pseudocercospora,fijiensis,"",NCBI,"/u/home/a/akarlsbe/scratch/fungi/NCBI/GCF_000340215.1_Mycfi2_genomic.fna
",0,0,0,0,56,1340437,12028752,3133,0,0,0,0,0,0,0,0
104355,gloeophyllum,trabeum,"",NCBI,"/u/home/a/akarlsbe/scratch/fungi/NCBI/GCF_000344685.1_Glotr1_1_genomic.fna
",0,0,0,0,442,85160,4347448,1894,0,0,0,0,0,0,0,0
588726,kazachstania,naganishii,"",NCBI,"/u/home/a/akarlsbe/scratch/fungi/NCBI/GCF_000348985.1_ASM34898v1_genomic.fna
",13,805402,1428391,456589,0,0,0,0,0,0,0,0,0,0,0,0
263815,pneumocystis,murina,"",NCBI,"/u/home/a/akarlsbe/scratch/fungi/NCBI/GCF_000349005.2_Pneumo_murina_B123_V4_genomic.fna
",20,357719,595440,3427,0,0,0,0,0,0,0,0,0,0,0,0
76777,malassezia,sympodialis,"",NCBI,"/u/home/a/akarlsbe/scratch/fungi/NCBI/GCF_000349305.1_ASM34930v2_genomic.fna
",0,0,0,0,65,110769,825094,508,0,0,0,0,0,0,0,0
5016,bipolaris,maydis,"",NCBI,"/u/home/a/akarlsbe/scratch/fungi/NCBI/GCF_000354255.1_CocheC4_1_genomic.fna
",0,0,0,0,207,161062,2305621,989,0,0,0,0,0,0,0,0
93612,setosphaeria,turcica,"",NCBI,"/u/home/a/akarlsbe/scratch/fungi/NCBI/GCF_000359705.1_Setospaeria_trucica_Et28A_v1.0_genomic.fna
",0,0,0,0,407,106996,4077227,1992,0,0,0,0,0,0,0,0
293227,cyphellophora,europaea,"",NCBI,"/u/home/a/akarlsbe/scratch/fungi/NCBI/GCF_000365145.1_Phia_euro_CBS_101466_V1_genomic.fna
",0,0,0,0,19,1444466,3808243,2398,0,0,0,0,0,0,0,0
86049,cladophialophora,carrionii,"",NCBI,"/u/home/a/akarlsbe/scratch/fungi/NCBI/GCF_000365165.1_Clad_carr_CBS_160_54_V1_genomic.fna
",0,0,0,0,19,1485982,5797611,1244,0,0,0,0,0,0,0,0
223192,phaeoacremonium,minimum,"",NCBI,"/u/home/a/akarlsbe/scratch/fungi/NCBI/GCF_000392275.1_UCRPA7V03_genomic.fna
",0,0,0,0,624,77013,1648996,205,0,0,0,0,0,0,0,0
245174,wallemia,ichthyophaga,"",NCBI,"/u/home/a/akarlsbe/scratch/fungi/NCBI/GCF_000400465.1_Wallemia_ichthyophaga_version_1.0_genomic.fna
",0,0,0,0,82,119211,803507,1025,0,0,0,0,0,0,0,0
327079,pseudozyma,hubeiensis,"",NCBI,"/u/home/a/akarlsbe/scratch/fungi/NCBI/GCF_000403515.1_ASM40351v1_genomic.fna
",0,0,0,0,74,252332,1416155,123,0,0,0,0,0,0,0,0
101852,glarea,lozoyensis,"",NCBI,"/u/home/a/akarlsbe/scratch/fungi/NCBI/GCF_000409485.1_GLAREA_genomic.fna
",22,1722339,3639266,119849,0,0,0,0,0,0,0,0,0,0,0,0
84751,anthracocystis,flocculosa,"",NCBI,"/u/home/a/akarlsbe/scratch/fungi/NCBI/GCF_000417875.1_Pflocc_1.0_genomic.fna
",0,0,0,0,39,604986,1999969,2435,0,0,0,0,0,0,0,0
588596,rhizophagus,irregularis,"",NCBI,"/u/home/a/akarlsbe/scratch/fungi/NCBI/GCF_000439145.1_ASM43914v3_genomic.fna
",0,0,0,0,1111,124603,1393063,972,0,0,0,0,0,0,0,0
364733,endocarpon,pusillum,"",NCBI,"/u/home/a/akarlsbe/scratch/fungi/NCBI/GCF_000464535.1_EPUS_genomic.fna
",0,0,0,0,908,41232,813142,2030,0,0,0,0,0,0,0,0
1392244,kalmanozyma,brasiliensis,"",NCBI,"/u/home/a/akarlsbe/scratch/fungi/NCBI/GCF_000497045.1_PSEUBRA1_genomic.fna
",0,0,0,0,45,376824,2237433,404,0,0,0,0,0,0,0,0
463800,kwoniella,mangroviensis,"",NCBI,"/u/home/a/akarlsbe/scratch/fungi/NCBI/GCF_000507465.1_Kwon_mang_CBS8507_V2_genomic.fna
",0,0,0,0,62,369945,2573119,1181,0,0,0,0,0,0,0,0
324770,kwoniella,dejecticola,"",NCBI,"/u/home/a/akarlsbe/scratch/fungi/NCBI/GCF_000512565.1_Cryp_deje_CBS10117_V1_genomic.fna
",0,0,0,0,13,1858413,3999973,838487,0,0,0,0,0,0,0,0
324769,kwoniella,bestiolae,"",NCBI,"/u/home/a/akarlsbe/scratch/fungi/NCBI/GCF_000512585.1_Cryp_best_CBS10118_V1_genomic.fna
",0,0,0,0,12,2055321,4976390,1539,0,0,0,0,0,0,0,0
453459,kwoniella,pini,"",NCBI,"/u/home/a/akarlsbe/scratch/fungi/NCBI/GCF_000512605.1_Cryp_pinu_CBS10737_V1_genomic.fna
",0,0,0,0,18,1171433,3317312,110241,0,0,0,0,0,0,0,0
393283,pestalotiopsis,fici,"",NCBI,"/u/home/a/akarlsbe/scratch/fungi/NCBI/GCF_000516985.1_PFICI_genomic.fna
",0,0,0,0,39,1347629,7324299,2246,0,0,0,0,0,0,0,0
5017,bipolaris,zeicola,"",NCBI,"/u/home/a/akarlsbe/scratch/fungi/NCBI/GCF_000523435.1_Cochliobolus_carbonum_v1.0_genomic.fna
",0,0,0,0,844,37509,507738,923,0,0,0,0,0,0,0,0
101162,bipolaris,oryzae,"",NCBI,"/u/home/a/akarlsbe/scratch/fungi/NCBI/GCF_000523455.1_Cochliobolus_miyabeanus_v1.0_genomic.fna
",0,0,0,0,619,51297,646471,949,0,0,0,0,0,0,0,0
40125,bipolaris,victoriae,"",NCBI,"/u/home/a/akarlsbe/scratch/fungi/NCBI/GCF_000527765.1_Cochliobolus_victoriae_v1.0_genomic.fna
",0,0,0,0,676,49170,881245,942,0,0,0,0,0,0,0,0
317047,kuraishia,capsulata,"",NCBI,"/u/home/a/akarlsbe/scratch/fungi/NCBI/GCF_000576695.1_AUH_PRJEB4427_v1_genomic.fna
",0,0,0,0,7,1481371,2403896,1395615,0,0,0,0,0,0,0,0
470704,cladophialophora,yegresii,"",NCBI,"/u/home/a/akarlsbe/scratch/fungi/NCBI/GCF_000585515.1_Clad_yegr_CBS_114405_V1_genomic.fna
",0,0,0,0,0,0,0,0,0,0,0,0,0,0,0,0
1182553,cladophialophora,psammophila,"",NCBI,"/u/home/a/akarlsbe/scratch/fungi/NCBI/GCF_000585535.1_Clad_psam_CBS_110553_V1_genomic.fna
",0,0,0,0,0,0,0,0,0,0,0,0,0,0,0,0
43228,capronia,epimyces,"",NCBI,"/u/home/a/akarlsbe/scratch/fungi/NCBI/GCF_000585565.1_Capr_epim_CBS_606_96_V1_genomic.fna
",0,0,0,0,0,0,0,0,0,0,0,0,0,0,0,0
43229,capronia,coronata,"",NCBI,"/u/home/a/akarlsbe/scratch/fungi/NCBI/GCF_000585585.1_Capr_coro_CBS_617_96_V1_genomic.fna
",0,0,0,0,0,0,0,0,0,0,0,0,0,0,0,0
34349,mixia,osmundae,"",NCBI,"/u/home/a/akarlsbe/scratch/fungi/NCBI/GCF_000708205.1_Mixia_osmundae_v1.0_genomic.fna
",0,0,0,0,156,88492,2354315,204,0,0,0,0,0,0,0,0
1033840,exophiala,aquamarina,"",NCBI,"/u/home/a/akarlsbe/scratch/fungi/NCBI/GCF_000709125.1_Exop_aqua_CBS_119918_V1_genomic.fna
",151,278712,5432685,1028,0,0,0,0,0,0,0,0,0,0,0,0
5281,tilletiaria,anomala,"",NCBI,"/u/home/a/akarlsbe/scratch/fungi/NCBI/GCF_000711695.1_Tilletiaria_anomala_UBC_951_v1.0_genomic.fna
",0,0,0,0,289,65525,469159,1029,0,0,0,0,0,0,0,0
1042127,aureobasidium,subglaciale,"",NCBI,"/u/home/a/akarlsbe/scratch/fungi/NCBI/GCF_000721755.1_Aureobasidium_pullulans_var._subglaciale_EXF-2481_v1.0_genomic.fna
",0,0,0,0,75,348240,2168729,1143,0,0,0,0,0,0,0,0
559561,aureobasidium,namibiae,"",NCBI,"/u/home/a/akarlsbe/scratch/fungi/NCBI/GCF_000721765.1_Aureobasidium_pullulans_var._namibiae_CBS_147.97_v1.0_genomic.fna
",0,0,0,0,47,547749,2515531,4588,0,0,0,0,0,0,0,0
563466,scedosporium,apiospermum,"",NCBI,"/u/home/a/akarlsbe/scratch/fungi/NCBI/GCF_000732125.1_ScApio1.0_genomic.fna
",176,241833,3211346,514,0,0,0,0,0,0,0,0,0,0,0,0
84753,moesziomyces,antarcticus,"",NCBI,"/u/home/a/akarlsbe/scratch/fungi/NCBI/GCF_000747765.1_ASM74776v1_genomic.fna
",0,0,0,0,197,80684,1605235,985,1,16538,16538,16538,0,0,0,0
1485682,mitosporidium,daphniae,"",NCBI,"/u/home/a/akarlsbe/scratch/fungi/NCBI/GCF_000760515.1_UGP1.0_genomic.fna
",0,0,0,0,612,9176,116912,507,1,15881,15881,15881,0,0,0,0
27334,penicillium,expansum,"",NCBI,"/u/home/a/akarlsbe/scratch/fungi/NCBI/GCF_000769745.1_ASM76974v1_genomic.fna
",0,0,0,0,382,85757,1016928,377,0,0,0,0,0,0,0,0
174685,ordospora,colligata,"",NCBI,"/u/home/a/akarlsbe/scratch/fungi/NCBI/GCF_000803265.1_ASM80326v1_genomic.fna
",0,0,0,0,15,154209,303291,5525,0,0,0,0,0,0,0,0
500148,metarhizium,brunneum,"",NCBI,"/u/home/a/akarlsbe/scratch/fungi/NCBI/GCF_000814965.1_MBR_1.0_genomic.fna
",0,0,0,0,92,407918,7240687,1028,0,0,0,0,0,0,0,0
40355,fonsecaea,pedrosoi,"",NCBI,"/u/home/a/akarlsbe/scratch/fungi/NCBI/GCF_000835455.1_Fons_pedr_CBS_271_37_V1_genomic.fna
",0,0,0,0,11,3192856,5446523,358805,0,0,0,0,0,0,0,0
89940,cladophialophora,bantiana,"",NCBI,"/u/home/a/akarlsbe/scratch/fungi/NCBI/GCF_000835475.1_Clad_bant_CBS_173_52_V1_genomic.fna
",0,0,0,0,60,619666,2770942,1757,0,0,0,0,0,0,0,0
569365,cladophialophora,immunda,"",NCBI,"/u/home/a/akarlsbe/scratch/fungi/NCBI/GCF_000835495.1_Clad_immu_CBS83496_V1_genomic.fna
",0,0,0,0,277,157278,8333746,1064,0,0,0,0,0,0,0,0
348802,exophiala,xenobiotica,"",NCBI,"/u/home/a/akarlsbe/scratch/fungi/NCBI/GCF_000835505.1_Exop_xeno_CBS118157_V1_genomic.fna
",0,0,0,0,15,2119819,5623698,1105,0,0,0,0,0,0,0,0
215243,exophiala,oligosperma,"",NCBI,"/u/home/a/akarlsbe/scratch/fungi/NCBI/GCF_000835515.1_Exop_olig_CBS72588_V1_genomic.fna
",0,0,0,0,143,270637,4526759,1208,0,0,0,0,0,0,0,0
86056,rhinocladiella,mackenziei,"",NCBI,"/u/home/a/akarlsbe/scratch/fungi/NCBI/GCF_000835555.1_Rhin_mack_CBS_650_93_V1_genomic.fna
",0,0,0,0,17,1934060,5196480,3503,0,0,0,0,0,0,0,0
91928,exophiala,spinifera,"",NCBI,"/u/home/a/akarlsbe/scratch/fungi/NCBI/GCF_000836115.1_Exop_spin_CBS89968_V1_genomic.fna
",0,0,0,0,28,1190097,6260820,1159,0,0,0,0,0,0,0,0
212818,exophiala,mesophila,"",NCBI,"/u/home/a/akarlsbe/scratch/fungi/NCBI/GCF_000836275.1_Exop_meso_CBS40295_V1_genomic.fna
",0,0,0,0,9,3283068,6213909,237843,0,0,0,0,0,0,0,0
253628,verruconis,gallopava,"",NCBI,"/u/home/a/akarlsbe/scratch/fungi/NCBI/GCF_000836295.1_O_gall_CBS43764_genomic.fna
",0,0,0,0,367,87675,1384486,1035,0,0,0,0,0,0,0,0
979981,fonsecaea,multimorphosa,"",NCBI,"/u/home/a/akarlsbe/scratch/fungi/NCBI/GCF_000836435.1_Fons_mult_CBS_102226_V1_genomic.fna
",0,0,0,0,67,505435,2554172,1820,0,0,0,0,0,0,0,0
1245769,lachancea,lanzarotensis,"",NCBI,"/u/home/a/akarlsbe/scratch/fungi/NCBI/GCF_000938715.1_LALA0_genomic.fna
",0,0,0,0,24,467397,1851848,14280,0,0,0,0,0,0,0,0
29908,sporothrix,schenckii,"",NCBI,"/u/home/a/akarlsbe/scratch/fungi/NCBI/GCF_000961545.1_S_schenckii_v1_genomic.fna
",16,2048479,6449876,7118,0,0,0,0,0,0,0,0,0,0,0,0
68825,rasamsonia,emersonii,"",NCBI,"/u/home/a/akarlsbe/scratch/fungi/NCBI/GCF_000968595.1_ASM96859v1_genomic.fna
",862,33179,272711,1018,0,0,0,0,0,0,0,0,0,0,0,0
40302,nosema,ceranae,"",NCBI,"/u/home/a/akarlsbe/scratch/fungi/NCBI/GCF_000988165.1_ASM98816v1_genomic.fna
",536,10726,195605,508,0,0,0,0,0,0,0,0,0,0,0,0
879819,cutaneotrichosporon,oleaginosus,"",NCBI,"/u/home/a/akarlsbe/scratch/fungi/NCBI/GCF_001027345.1_Triol1_genomic.fna
",0,0,0,0,180,111569,654725,1059,0,0,0,0,0,0,0,0
498019,[candida],auris,"",NCBI,"/u/home/a/akarlsbe/scratch/fungi/NCBI/GCF_001189475.1_ASM118947v1_genomic.fna
",99,127823,871126,275,0,0,0,0,0,0,0,0,0,0,0,0
41061,aspergillus,nomius,"",NCBI,"/u/home/a/akarlsbe/scratch/fungi/NCBI/GCF_001204775.1_ASM120477v1_genomic.fna
",0,0,0,0,1118,32728,460806,210,0,0,0,0,0,0,0,0
77020,malassezia,pachydermatis,"",NCBI,"/u/home/a/akarlsbe/scratch/fungi/NCBI/GCF_001278385.1_MalaPachy_genomic.fna
",0,0,0,0,91,90684,1507686,205,0,0,0,0,0,0,0,0
1080349,saccharomyces,eubayanus,"",NCBI,"/u/home/a/akarlsbe/scratch/fungi/NCBI/GCF_001298625.1_SEUB3.0_genomic.fna
",16,626548,1046903,177638,6,5151,13360,1914,5,350763,562037,296595,1,6239,6239,6239
1664694,phialophora,attae,"",NCBI,"/u/home/a/akarlsbe/scratch/fungi/NCBI/GCF_001299255.1_ASM129925v1_genomic.fna
",131,234672,1959874,518,0,0,0,0,0,0,0,0,0,0,0,0
29898,rhodotorula,graminis,"",NCBI,"/u/home/a/akarlsbe/scratch/fungi/NCBI/GCF_001329695.1_Rhoba1_1_genomic.fna
",0,0,0,0,26,818293,2396360,3374,0,0,0,0,0,0,0,0
4911,kluyveromyces,marxianus,"",NCBI,"/u/home/a/akarlsbe/scratch/fungi/NCBI/GCF_001417885.1_Kmar_1.0_genomic.fna
",8,1382083,1767205,951465,0,0,0,0,1,0,0,0,0,0,0,0
58627,debaryomyces,fabryi,"",NCBI,"/u/home/a/akarlsbe/scratch/fungi/NCBI/GCF_001447935.1_ASM44793v1_genomic.fna
",0,0,0,0,540,21938,233824,520,0,0,0,0,0,0,0,0
42068,pneumocystis,jirovecii,"",NCBI,"/u/home/a/akarlsbe/scratch/fungi/NCBI/GCF_001477535.1_Pneu_jiro_RU7_V2_genomic.fna
",70,115319,643135,2265,0,0,0,0,0,0,0,0,0,0,0,0
4754,pneumocystis,carinii,"",NCBI,"/u/home/a/akarlsbe/scratch/fungi/NCBI/GCF_001477545.1_Pneu_cari_B80_V3_genomic.fna
",62,118273,643361,1140,0,0,0,0,0,0,0,0,0,0,0,0
398673,trichoderma,gamsii,"",NCBI,"/u/home/a/akarlsbe/scratch/fungi/NCBI/GCF_001481775.2_TGAM01v2_genomic.fna
",172,223044,1853280,1036,0,0,0,0,0,0,0,0,0,0,0,0
149040,phialocephala,scopiformis,"",NCBI,"/u/home/a/akarlsbe/scratch/fungi/NCBI/GCF_001500285.1_Phisc1_genomic.fna
",0,0,0,0,71,696988,2797007,1145,0,0,0,0,0,0,0,0
45286,eremothecium,sinecaudum,"",NCBI,"/u/home/a/akarlsbe/scratch/fungi/NCBI/GCF_001548555.1_ASM154855v1_genomic.fna
",7,1132452,2087676,924059,0,0,0,0,0,0,0,0,0,0,0,0
1217826,xylona,heveae,"",NCBI,"/u/home/a/akarlsbe/scratch/fungi/NCBI/GCF_001619985.1_Xylona_heveae_TC161_v1.0_genomic.fna
",0,0,0,0,27,912621,3360089,1368,0,0,0,0,0,0,0,0
114497,cordyceps,fumosorosea,"",NCBI,"/u/home/a/akarlsbe/scratch/fungi/NCBI/GCF_001636725.1_ISF_1.0_genomic.fna
",0,0,0,0,430,78795,3639298,1015,0,0,0,0,0,0,0,0
4837,phycomyces,blakesleeanus,"",NCBI,"/u/home/a/akarlsbe/scratch/fungi/NCBI/GCF_001638985.1_Phybl2_genomic.fna
",0,0,0,0,80,682630,4508117,3248,0,0,0,0,0,0,0,0
796027,sugiyamaella,lignohabitans,"",NCBI,"/u/home/a/akarlsbe/scratch/fungi/NCBI/GCF_001640025.1_ASM164002v2_genomic.fna
",4,3457862,6004982,2808272,0,0,0,0,0,0,0,0,0,0,0,0
655981,pseudogymnoascus,destructans,"",NCBI,"/u/home/a/akarlsbe/scratch/fungi/NCBI/GCF_001641265.1_ASM164126v1_genomic.fna
",0,0,0,0,83,436861,2584608,7683,0,0,0,0,0,0,0,0
1460663,paraphaeosphaeria,sporulosa,"",NCBI,"/u/home/a/akarlsbe/scratch/fungi/NCBI/GCF_001642045.1_Parsp1_genomic.fna
",0,0,0,0,61,638423,5469812,1028,0,0,0,0,0,0,0,0
5599,alternaria,alternata,"",NCBI,"/u/home/a/akarlsbe/scratch/fungi/NCBI/GCF_001642055.1_Altal1_genomic.fna
",0,0,0,0,79,422812,2562876,1062,0,0,0,0,0,0,0,0
254056,fonsecaea,monophora,"",NCBI,"/u/home/a/akarlsbe/scratch/fungi/NCBI/GCF_001642475.1_ASM164247v1_genomic.fna
",324,109730,1155936,1211,0,0,0,0,0,0,0,0,0,0,0,0
856822,fonsecaea,nubica,"",NCBI,"/u/home/a/akarlsbe/scratch/fungi/NCBI/GCF_001646965.1_ASM164696v1_genomic.fna
",258,132129,1207710,1027,0,0,0,0,0,0,0,0,0,0,0,0
1367422,fonsecaea,erecta,"",NCBI,"/u/home/a/akarlsbe/scratch/fungi/NCBI/GCF_001651985.1_ASM165198v1_genomic.fna
",57,590854,4953370,5134,0,0,0,0,0,0,0,0,0,0,0,0
280754,pochonia,chlamydosporia,"",NCBI,"/u/home/a/akarlsbe/scratch/fungi/NCBI/GCF_001653235.2_ASM165323v2_genomic.fna
",49,913607,8722913,1838,0,0,0,0,0,0,0,0,0,0,0,0
33203,purpureocillium,lilacinum,"",NCBI,"/u/home/a/akarlsbe/scratch/fungi/NCBI/GCF_001653265.1_ASM165326v1_genomic.fna
",0,0,0,0,163,239357,5774692,1149,0,0,0,0,0,0,0,0
4926,pichia,membranifaciens,"",NCBI,"/u/home/a/akarlsbe/scratch/fungi/NCBI/GCF_001661235.1_Picme2_genomic.fna
",0,0,0,0,10,1171924,2731696,241282,0,0,0,0,0,0,0,0
4927,wickerhamomyces,anomalus,"",NCBI,"/u/home/a/akarlsbe/scratch/fungi/NCBI/GCF_001661255.1_Wican1_genomic.fna
",0,0,0,0,46,311311,3384390,2111,0,0,0,0,0,0,0,0
5606,saitoella,complicata,"",NCBI,"/u/home/a/akarlsbe/scratch/fungi/NCBI/GCF_001661265.1_Saico1_genomic.fna
",0,0,0,0,35,408537,1494747,21104,0,0,0,0,0,0,0,0
45609,babjeviella,inositovora,"",NCBI,"/u/home/a/akarlsbe/scratch/fungi/NCBI/GCF_001661335.1_Babin1_genomic.fna
",0,0,0,0,49,314489,2672006,1484,0,0,0,0,0,0,0,0
54195,ascoidea,rubescens,"",NCBI,"/u/home/a/akarlsbe/scratch/fungi/NCBI/GCF_001661345.1_Ascru1_genomic.fna
",0,0,0,0,63,281298,3383041,1055,0,0,0,0,0,0,0,0
717740,hyphopichia,burtonii,"",NCBI,"/u/home/a/akarlsbe/scratch/fungi/NCBI/GCF_001661395.1_Hypbu1_genomic.fna
",0,0,0,0,27,465074,2768243,1199,0,0,0,0,0,0,0,0
4903,cyberlindnera,jadinii,"",NCBI,"/u/home/a/akarlsbe/scratch/fungi/NCBI/GCF_001661405.1_Cybja1_genomic.fna
",0,0,0,0,76,173423,1944993,1030,0,0,0,0,0,0,0,0
46583,candida,tanzawaensis,"",NCBI,"/u/home/a/akarlsbe/scratch/fungi/NCBI/GCF_001661415.1_Canta1_genomic.fna
",0,0,0,0,16,831191,2679081,1399,0,0,0,0,0,0,0,0
342668,pseudogymnoascus,verrucosus,"",NCBI,"/u/home/a/akarlsbe/scratch/fungi/NCBI/GCF_001662655.1_ASM166265v1_genomic.fna
",0,0,0,0,151,202326,1790514,922,0,0,0,0,0,0,0,0
27322,metschnikowia,bicuspidata,"",NCBI,"/u/home/a/akarlsbe/scratch/fungi/NCBI/GCF_001664035.1_Metbi1_genomic.fna
",0,0,0,0,48,330555,5458302,2044,0,0,0,0,0,0,0,0
460523,ogataea,polymorpha,"",NCBI,"/u/home/a/akarlsbe/scratch/fungi/NCBI/GCF_001664045.1_Hanpo2_genomic.fna
",0,0,0,0,7,1155098,1560744,1008498,0,0,0,0,0,0,0,0
80884,colletotrichum,higginsianum,"",NCBI,"/u/home/a/akarlsbe/scratch/fungi/NCBI/GCF_001672515.1_ASM167251v1_genomic.fna
",25,2029786,6118027,17224,0,0,0,0,0,0,0,0,0,0,0,0
5619,tsuchiyaea,wingfieldii,"",NCBI,"/u/home/a/akarlsbe/scratch/fungi/NCBI/GCF_001720155.1_Tsuc_wing_CBS7118_V1_genomic.fna
",83,234920,1711980,1148,0,0,0,0,0,0,0,0,0,0,0,0
104669,cryptococcus,amylolentus,"",NCBI,"/u/home/a/akarlsbe/scratch/fungi/NCBI/GCF_001720205.1_Cryp_amyl_CBS6039_V3_genomic.fna
",15,1284912,2255308,41405,0,0,0,0,0,0,0,0,0,0,0,0
1835702,penicillium,arizonense,"",NCBI,"/u/home/a/akarlsbe/scratch/fungi/NCBI/GCF_001773325.1_ASM177332v1_genomic.fna
",0,0,0,0,396,86239,2730131,218,0,0,0,0,0,0,0,0
109264,aspergillus,bombycis,"",NCBI,"/u/home/a/akarlsbe/scratch/fungi/NCBI/GCF_001792695.1_ASM179269v1_genomic.fna
",0,0,0,0,450,84317,1207034,515,0,0,0,0,0,0,0,0
1209926,colletotrichum,orchidophilum,"",NCBI,"/u/home/a/akarlsbe/scratch/fungi/NCBI/GCF_001831195.1_CORC01_genomic.fna
",321,152561,854580,3665,0,0,0,0,0,0,0,0,0,0,0,0
236234,diplodia,corticola,"",NCBI,"/u/home/a/akarlsbe/scratch/fungi/NCBI/GCF_001883845.1_ASM188384v1_genomic.fna
",0,0,0,0,181,195359,2117021,2008,0,0,0,0,0,0,0,0
41063,penicilliopsis,zonata,"",NCBI,"/u/home/a/akarlsbe/scratch/fungi/NCBI/GCF_001890105.1_Aspzo1_genomic.fna
",0,0,0,0,246,107371,3566830,1100,0,0,0,0,0,0,0,0
41413,aspergillus,glaucus,"",NCBI,"/u/home/a/akarlsbe/scratch/fungi/NCBI/GCF_001890805.1_Aspgl1_genomic.fna
",0,0,0,0,82,345635,1854698,1290,0,0,0,0,0,0,0,0
5053,aspergillus,aculeatus,"",NCBI,"/u/home/a/akarlsbe/scratch/fungi/NCBI/GCF_001890905.1_Aspac1_genomic.fna
",0,0,0,0,660,54344,3773955,502,0,0,0,0,0,0,0,0
1441469,talaromyces,atroroseus,"",NCBI,"/u/home/a/akarlsbe/scratch/fungi/NCBI/GCF_001907595.1_ASM190759v1_genomic.fna
",0,0,0,0,48,619011,3310125,1665,1,9149,9149,9149,0,0,0,0
4909,pichia,kudriavzevii,"",NCBI,"/u/home/a/akarlsbe/scratch/fungi/NCBI/GCF_001983325.1_ASM198332v1_genomic.fna
",260,45477,792453,1319,0,0,0,0,0,0,0,0,0,0,0,0
4999,kockovaella,imperatae,"",NCBI,"/u/home/a/akarlsbe/scratch/fungi/NCBI/GCF_002102565.1_Kocim1_genomic.fna
",0,0,0,0,38,444469,2038673,1330,0,0,0,0,0,0,0,0
64571,lobosporangium,transversale,"",NCBI,"/u/home/a/akarlsbe/scratch/fungi/NCBI/GCF_002105155.1_Lobtra1_genomic.fna
",0,0,0,0,138,313473,1877386,1982,0,0,0,0,0,0,0,0
104341,postia,placenta,"",NCBI,"/u/home/a/akarlsbe/scratch/fungi/NCBI/GCF_002117355.1_PosplRSB12_1_genomic.fna
",0,0,0,0,549,78291,4389000,2030,0,0,0,0,0,0,0,0
45607,wickerhamiella,sorbophila,"",NCBI,"/u/home/a/akarlsbe/scratch/fungi/NCBI/GCF_002251995.1_ASM225199v2_genomic.fna
",0,0,0,0,21,391939,2905250,1629,1,0,0,0,0,0,0,0
58291,rhizopus,microsporus,"",NCBI,"/u/home/a/akarlsbe/scratch/fungi/NCBI/GCF_002708625.1_Rhimi1_1_genomic.fna
",0,0,0,0,131,200733,2816953,1048,0,0,0,0,0,0,0,0
122368,cercospora,beticola,"",NCBI,"/u/home/a/akarlsbe/scratch/fungi/NCBI/GCF_002742065.1_CB0940_V2_genomic.fna
",108,332001,6265710,510,144,11546,257976,541,0,0,0,0,0,0,0,0
41067,aspergillus,candidus,"",NCBI,"/u/home/a/akarlsbe/scratch/fungi/NCBI/GCF_002847045.1_Aspcand1_genomic.fna
",0,0,0,0,268,103202,1031739,1033,0,0,0,0,0,0,0,0
340412,aspergillus,novofumigatus,"",NCBI,"/u/home/a/akarlsbe/scratch/fungi/NCBI/GCF_002847465.1_Aspnov1_genomic.fna
",0,0,0,0,62,511474,5188524,2903,0,0,0,0,0,0,0,0
41068,aspergillus,campestris,"",NCBI,"/u/home/a/akarlsbe/scratch/fungi/NCBI/GCF_002847485.1_Aspcam1_genomic.fna
",0,0,0,0,62,435976,5079841,722,0,0,0,0,0,0,0,0
306088,aspergillus,steynii,"",NCBI,"/u/home/a/akarlsbe/scratch/fungi/NCBI/GCF_002849105.1_Aspste1_genomic.fna
",0,0,0,0,37,989658,6797221,1132,0,0,0,0,0,0,0,0
373870,meliniomyces,bicolor,"",NCBI,"/u/home/a/akarlsbe/scratch/fungi/NCBI/GCF_002865645.1_Melbi2_genomic.fna
",0,0,0,0,206,403233,6554743,1013,0,0,0,0,0,0,0,0
418784,[candida],pseudohaemulonis,"",NCBI,"/u/home/a/akarlsbe/scratch/fungi/NCBI/GCF_003013735.1_Cand_pseudohaemulonii_B12108_genomic.fna
",0,0,0,0,36,354097,3062762,1208,0,0,0,0,0,0,0,0
5101,amorphotheca,resinae,"",NCBI,"/u/home/a/akarlsbe/scratch/fungi/NCBI/GCF_003019875.1_Amore1_genomic.fna
",0,0,0,0,32,905900,4163288,2115,0,0,0,0,0,0,0,0
5544,trichoderma,harzianum,"",NCBI,"/u/home/a/akarlsbe/scratch/fungi/NCBI/GCF_003025095.1_Triha_v1.0_genomic.fna
",0,0,0,0,532,77992,4141057,1043,0,0,0,0,0,0,0,0
101201,trichoderma,asperellum,"",NCBI,"/u/home/a/akarlsbe/scratch/fungi/NCBI/GCF_003025105.1_Trias_v._1.0_genomic.fna
",0,0,0,0,419,90530,3872039,1062,0,0,0,0,0,0,0,0
58853,trichoderma,citrinoviride,"",NCBI,"/u/home/a/akarlsbe/scratch/fungi/NCBI/GCF_003025115.1_Trici_v4.0_genomic.fna
",0,0,0,0,533,63094,3334613,1030,0,0,0,0,0,0,0,0
58919,tilletiopsis,washingtonensis,"",NCBI,"/u/home/a/akarlsbe/scratch/fungi/NCBI/GCF_003144115.1_Tilwa1_genomic.fna
",0,0,0,0,38,499876,1106682,1200,0,0,0,0,0,0,0,0
1684307,pseudomicrostroma,glucosiphilum,"",NCBI,"/u/home/a/akarlsbe/scratch/fungi/NCBI/GCF_003144135.1_Rhodsp1_genomic.fna
",0,0,0,0,30,579931,2163147,2682,0,0,0,0,0,0,0,0
1522189,ceraceosorus,guamensis,"",NCBI,"/u/home/a/akarlsbe/scratch/fungi/NCBI/GCF_003144195.1_Cersp1_genomic.fna
",0,0,0,0,251,97406,732129,1178,0,0,0,0,0,0,0,0
1280837,meira,miltonrushii,"",NCBI,"/u/home/a/akarlsbe/scratch/fungi/NCBI/GCF_003144205.1_Meimi1_genomic.fna
",0,0,0,0,32,549992,5021768,1102,0,0,0,0,0,0,0,0
1569628,jaminaea,rosea,"",NCBI,"/u/home/a/akarlsbe/scratch/fungi/NCBI/GCF_003144245.1_Jamsp1_genomic.fna
",0,0,0,0,21,796617,3130197,368390,0,0,0,0,0,0,0,0
215250,acaromyces,ingoldii,"",NCBI,"/u/home/a/akarlsbe/scratch/fungi/NCBI/GCF_003144295.1_Acain1_genomic.fna
",0,0,0,0,28,698943,4575131,1479,0,0,0,0,0,0,0,0
319627,aspergillus,sclerotioniger,"",NCBI,"/u/home/a/akarlsbe/scratch/fungi/NCBI/GCF_003184525.1_Aspscl1_genomic.fna
",0,0,0,0,138,269356,2018629,960,0,0,0,0,0,0,0,0
1340029,aspergillus,eucalypticola,"",NCBI,"/u/home/a/akarlsbe/scratch/fungi/NCBI/GCF_003184535.1_Aspeuc1_genomic.fna
",0,0,0,0,131,268862,1621817,796,0,0,0,0,0,0,0,0
51019,aspergillus,heteromorphus,"",NCBI,"/u/home/a/akarlsbe/scratch/fungi/NCBI/GCF_003184545.1_Asphet1_genomic.fna
",0,0,0,0,205,175801,3010489,980,0,0,0,0,0,0,0,0
979771,aspergillus,saccharolyticus,"",NCBI,"/u/home/a/akarlsbe/scratch/fungi/NCBI/GCF_003184585.1_Aspsac1_genomic.fna
",0,0,0,0,120,262365,1685498,1122,0,0,0,0,0,0,0,0
319628,aspergillus,lacticoffeatus,"",NCBI,"/u/home/a/akarlsbe/scratch/fungi/NCBI/GCF_003184595.1_Asplac1_genomic.fna
",0,0,0,0,107,339259,4340125,1073,0,0,0,0,0,0,0,0
1196635,aspergillus,neoniger,"",NCBI,"/u/home/a/akarlsbe/scratch/fungi/NCBI/GCF_003184625.1_Aspneo1_genomic.fna
",0,0,0,0,169,212178,1684861,1111,0,0,0,0,0,0,0,0
1191711,aspergillus,brunneoviolaceus,"",NCBI,"/u/home/a/akarlsbe/scratch/fungi/NCBI/GCF_003184695.1_Aspbru1_genomic.fna
",0,0,0,0,153,248001,910390,2324,0,0,0,0,0,0,0,0
446911,aspergillus,uvarum,"",NCBI,"/u/home/a/akarlsbe/scratch/fungi/NCBI/GCF_003184745.1_Aspuva1_genomic.fna
",0,0,0,0,172,211034,1064571,1119,0,0,0,0,0,0,0,0
319630,aspergillus,piperis,"",NCBI,"/u/home/a/akarlsbe/scratch/fungi/NCBI/GCF_003184755.1_Asppip1_genomic.fna
",0,0,0,0,47,759951,3381301,38908,0,0,0,0,0,0,0,0
487661,aspergillus,aculeatinus,"",NCBI,"/u/home/a/akarlsbe/scratch/fungi/NCBI/GCF_003184765.1_Aspacu1_genomic.fna
",0,0,0,0,121,305173,1804911,2076,0,0,0,0,0,0,0,0
34381,aspergillus,japonicus,"",NCBI,"/u/home/a/akarlsbe/scratch/fungi/NCBI/GCF_003184785.1_Aspjap1_genomic.fna
",0,0,0,0,163,224232,1462610,1600,0,0,0,0,0,0,0,0
319631,aspergillus,costaricaensis,"",NCBI,"/u/home/a/akarlsbe/scratch/fungi/NCBI/GCF_003184835.1_Aspcos1_genomic.fna
",0,0,0,0,86,434948,2350278,5738,0,0,0,0,0,0,0,0
301854,aspergillus,ibericus,"",NCBI,"/u/home/a/akarlsbe/scratch/fungi/NCBI/GCF_003184845.1_Aspibe1_genomic.fna
",0,0,0,0,116,291853,1478235,2243,0,0,0,0,0,0,0,0
319626,aspergillus,homomorphus,"",NCBI,"/u/home/a/akarlsbe/scratch/fungi/NCBI/GCF_003184865.1_Asphom1_genomic.fna
",0,0,0,0,152,226839,2026106,1172,0,0,0,0,0,0,0,0
288669,aspergillus,vadensis,"",NCBI,"/u/home/a/akarlsbe/scratch/fungi/NCBI/GCF_003184925.1_Aspvad1_genomic.fna
",0,0,0,0,60,601799,3722305,3434,0,0,0,0,0,0,0,0
56646,fusarium,venenatum,"",NCBI,"/u/home/a/akarlsbe/scratch/fungi/NCBI/GCF_900007375.1_ASM90000737v1_genomic.fna
",5,7812769,12138790,9665,0,0,0,0,1,0,0,0,0,0,0,0
112498,ramularia,collo-cygni,"",NCBI,"/u/home/a/akarlsbe/scratch/fungi/NCBI/GCF_900074925.1_version_1_genomic.fna
",0,0,0,0,78,316722,2577663,972,17,467416,2128322,324,0,0,0,0
5127,fusarium,fujikuroi,"",NCBI,"/u/home/a/akarlsbe/scratch/fungi/NCBI/GCF_900079805.1_Fusarium_fujikuroi_IMI58289_V2_genomic.fna
",12,3639886,6646261,2386096,0,0,0,0,0,0,0,0,0,0,0,0
